{
  "users": [
    {
      "id": "1",
      "firstName": "John",
      "lastName": "Doe",
      "email": "john@example.com",
      "password": "password123",
      "status": "1",
      "topicsArray": [
        "1"
      ],
      "permanentAccess": false,
      "globalExpirationDate": ""
    },
    {
      "id": "2",
      "firstName": "Alice",
      "lastName": "Smith",
      "email": "alice@example.com",
      "password": "securepass",
      "status": "1",
      "topicsArray": [
        "1",
        "3",
        "5"
      ],
      "permanentAccess": true,
      "globalExpirationDate": ""
    },
    {
      "id": "3",
      "firstName": "Bob",
      "lastName": "Johnson",
      "email": "bob@example.com",
      "password": "test123",
      "status": "1",
      "topicsArray": [],
      "permanentAccess": false,
      "globalExpirationDate": ""
    },
    {
      "id": "4",
      "firstName": "admin",
      "lastName": "admin",
      "email": "admin@admin.com",
      "password": "test123",
      "status": "2",
      "topicsArray": [
        "3"
      ],
      "permanentAccess": false,
      "globalExpirationDate": ""
    },
    {
      "id": "5",
      "firstName": "kunal",
      "lastName": "patil",
      "email": "kunal@patil.com",
      "password": "test123",
      "status": "1",
      "topicsArray": [],
      "permanentAccess": false,
      "globalExpirationDate": ""
    },
    {
      "id": "6",
      "firstName": "akash",
      "lastName": "agrawal",
      "email": "akash@agrawal.com",
      "password": "test123",
      "status": "1",
      "topicsArray": [],
      "permanentAccess": false,
      "globalExpirationDate": ""
    },
    {
      "id": "7",
      "firstName": "hitesh",
      "lastName": "bairagi",
      "email": "hitesh@bairagi.com",
      "password": "test123",
      "status": "1",
      "topicsArray": [],
      "permanentAccess": false,
      "globalExpirationDate": ""
    },
    {
      "id": "8",
      "firstName": "sakshi",
      "lastName": "vispute",
      "email": "sakshi@vispute.com",
      "password": "test123",
      "status": "1",
      "topicsArray": [
        "2",
        "4"
      ],
      "permanentAccess": false,
      "globalExpirationDate": ""
    },
    {
      "id": "9",
      "firstName": "rutu",
      "lastName": "wagh",
      "email": "rutu@wagh.com",
      "password": "test123",
      "status": "1",
      "topicsArray": [],
      "permanentAccess": false,
      "globalExpirationDate": ""
    },
    {
      "id": "10",
      "firstName": "deepali",
      "lastName": "joshi",
      "email": "deepali@joshi.com",
      "password": "test123",
      "status": "1",
      "topicsArray": [],
      "permanentAccess": false,
      "globalExpirationDate": ""
    },
    {
      "id": "11",
      "firstName": "aasawari",
      "lastName": "nikam",
      "email": "aasawari@nikam.com",
      "password": "test123",
      "status": "1",
      "topicsArray": [],
      "permanentAccess": false,
      "globalExpirationDate": ""
    },
    {
      "id": "12",
      "firstName": "teja",
      "lastName": "ahire",
      "email": "teja@ahire.com",
      "password": "test123",
      "status": "1",
      "topicsArray": [],
      "permanentAccess": false,
      "globalExpirationDate": ""
    }
  ],
  "topics": [
    {
      "id": "1",
      "topic": "History"
    },
    {
      "id": "2",
      "topic": "Geography"
    },
    {
      "id": "3",
      "topic": "Maths"
    },
    {
      "id": "4",
      "topic": "Science"
    },
    {
      "id": "5",
      "topic": "Economics"
    }
  ]
}