{
  "appointments": [
    {
      "firstName": "atharva ",
      "lastName": "thakkar",
      "mobileNumber": "1234567890",
      "birthDate": "2024-07-11",
      "gender": "Male",
      "disease": "Cough",
      "history": "ewwedwedwd",
      "appointmentDateTime": "2024-07-16T19:45",
      "id": 1
    },
    {
      "firstName": "asasas",
      "lastName": "assas",
      "mobileNumber": "1234567890",
      "birthDate": "2024-07-02",
      "gender": "Male",
      "disease": "Cough",
      "history": "sdfadfsdfds",
      "appointmentDateTime": "2024-07-24T16:50",
      "id": 2
    },
    {
      "firstName": "asds",
      "lastName": "asssad",
      "mobileNumber": "0000000000",
      "birthDate": "2024-07-03",
      "gender": "Male",
      "disease": "Fever",
      "history": "sdasASDS",
      "appointmentDateTime": "2024-07-17T20:51",
      "id": 3
    }
  ],
  "diseases": [
    "Fever",
    "Cough",
    "Diabetes",
    "Migraine"
  ],
  "users": [
    {
      "id": 1,
      "email": "admin@example.com",
      "password": "admin",
      "firstName": "Admin",
      "lastName": "User"
    }
  ]
}